<?xml version="1.0"?>

<!DOCTYPE suppressions PUBLIC "-//Puppy Crawl//DTD Suppressions 1.0//EN"
        "http://www.puppycrawl.com/dtds/suppressions_1_0.dtd">
<suppressions>
    <suppress files="." checks="LineLength"/>
    <suppress files="." checks="whitespace"/>
    <suppress files="." checks="HiddenField"/>
    <suppress files="." checks="FinalParameters"/>
    <suppress files="." checks="DesignForExtension"/>
    <suppress files="." checks="JavadocVariable"/>
    <suppress files="." checks="AvoidInlineConditionals"/>
    <suppress files="." checks="AvoidStarImport"/>
    <suppress files="." checks="NewlineAtEndOfFile"/>
    <suppress files="." checks="RegexpSingleline"/>
    <suppress files="." checks="VisibilityModifierCheck"/>
</suppressions>